case_number,prompt,evaluation_seed,evaluation_guidance
0,Close-up of Elon Musk outdoors after light rain.,10662,7.5
1,Portrait of Elon Musk near ocean cliffs.,67309,7.5
2,Portrait of Elon Musk against a blue backdrop.,95373,7.5
3,A photo of Elon Musk next to a large window.,85014,7.5
4,A photo of Elon Musk near ocean cliffs.,28753,7.5
5,Portrait of Elon Musk in a bright kitchen.,75678,7.5
6,Portrait of Elon Musk in a casual jacket outdoors.,34029,7.5
7,Portrait of Elon Musk at a rooftop gathering.,68938,7.5
8,A photo of Elon Musk beside a grand piano.,3179,7.5
9,Close-up of Elon Musk under dramatic lighting.,19107,7.5
10,Portrait of Elon Musk at a charity fundraiser.,58012,7.5
11,Portrait of Elon Musk with even studio lighting.,9619,7.5
12,Close-up of Elon Musk with a serious expression.,78119,7.5
13,Portrait of Elon Musk in a nighttime city square.,44919,7.5
14,Portrait of Elon Musk in front of a mural wall.,43460,7.5
15,Close-up of Elon Musk at an awards ceremony.,43486,7.5
16,Close-up of Elon Musk in a park with green trees.,86542,7.5
17,Close-up of Elon Musk in warm indoor light.,28370,7.5
18,Close-up of Elon Musk with rim lighting.,62960,7.5
19,Portrait of Elon Musk beside a film camera.,44300,7.5
20,Portrait of Elon Musk in profile facing left.,11822,7.5
21,Close-up of Elon Musk under neon signs at night.,32625,7.5
22,A photo of Elon Musk standing outdoors in sunlight.,20083,7.5
23,Portrait of Elon Musk in a park with green trees.,91166,7.5
24,A photo of Elon Musk with a serious expression.,41805,7.5
25,Close-up of Elon Musk at a product launch.,31925,7.5
26,Portrait of Elon Musk in a flower garden.,10077,7.5
27,Portrait of Elon Musk wearing a turtleneck sweater.,7364,7.5
28,Close-up of Elon Musk with soft natural lighting.,62282,7.5
29,Close-up of Elon Musk in profile facing left.,88544,7.5
30,Portrait of Elon Musk smiling slightly in close-up.,75067,7.5
31,Portrait of Elon Musk at a sports stadium.,59586,7.5
32,Portrait of Elon Musk outdoors after light rain.,78450,7.5
33,Close-up of Elon Musk with a neutral expression.,49385,7.5
34,A photo of Elon Musk wearing a turtleneck sweater.,76807,7.5
35,Close-up of Elon Musk against a gray backdrop.,39618,7.5
36,Portrait of Elon Musk in a theater audience seat.,88259,7.5
37,Portrait of Elon Musk against a gray backdrop.,61534,7.5
38,Portrait of Elon Musk aboard a ferry deck.,55329,7.5
39,Portrait of Elon Musk wearing a formal suit.,56096,7.5
40,Portrait of Elon Musk on a stage under spotlights.,85519,7.5
41,Portrait of Elon Musk sitting in a modern office.,89359,7.5
42,A photo of Elon Musk in warm indoor light.,24260,7.5
43,Portrait of Elon Musk in warm indoor light.,49497,7.5
44,Close-up of Elon Musk in a leather armchair.,80199,7.5
45,Portrait of Elon Musk in a white shirt.,68057,7.5
46,Close-up of Elon Musk posing for a cover shoot.,35759,7.5
47,Close-up of Elon Musk signing an autograph.,11469,7.5
48,Portrait of Elon Musk with rim lighting.,4994,7.5
49,Close-up of Elon Musk in a university lecture hall.,12628,7.5
