concept,defense,checkpoint_type,path
vangogh,esd,unet,checkpoints/vangogh/esd.pt
vangogh,fmn,unet,checkpoints/vangogh/fmn.pt
vangogh,ac,unet,checkpoints/vangogh/ac.pt
vangogh,spm,unet,checkpoints/vangogh/spm.pt
vangogh,rece,unet,checkpoints/vangogh/rece.pt
vangogh,mace,unet,checkpoints/vangogh/mace.pt
vangogh,advunlearn,text_encoder,checkpoints/vangogh/advunlearn.pt
vangogh,stereo,unet,checkpoints/vangogh/stereo.pt
nudity,esd,unet,checkpoints/nudity/esd.pt
nudity,fmn,unet,checkpoints/nudity/fmn.pt
nudity,uce,unet,checkpoints/nudity/uce.pt
nudity,mace,unet,checkpoints/nudity/mace.pt
nudity,rece,unet,checkpoints/nudity/rece.pt
nudity,advunlearn,text_encoder,checkpoints/nudity/advunlearn.pt
nudity,salun,unet,checkpoints/nudity/salun.pt
nudity,stereo,unet,checkpoints/nudity/stereo.pt
nudity,spm,unet,checkpoints/nudity/spm.pt
church,esd,unet,checkpoints/church/esd.pt
church,erasediff,unet,checkpoints/church/erasediff.pt
church,fmn,unet,checkpoints/church/fmn.pt
church,salun,unet,checkpoints/church/salun.pt
church,scissorhands,unet,checkpoints/church/scissorhands.pt
church,spm,unet,checkpoints/church/spm.pt
church,advunlearn,text_encoder,checkpoints/church/advunlearn.pt
church,stereo,unet,checkpoints/church/stereo.pt
garbage_truck,esd,unet,checkpoints/garbage_truck/esd.pt
garbage_truck,erasediff,unet,checkpoints/garbage_truck/erasediff.pt
garbage_truck,fmn,unet,checkpoints/garbage_truck/fmn.pt
garbage_truck,salun,unet,checkpoints/garbage_truck/salun.pt
garbage_truck,scissorhands,unet,checkpoints/garbage_truck/scissorhands.pt
garbage_truck,spm,unet,checkpoints/garbage_truck/spm.pt
garbage_truck,advunlearn,text_encoder,checkpoints/garbage_truck/advunlearn.pt
garbage_truck,stereo,unet,checkpoints/garbage_truck/stereo.pt
parachute,esd,unet,checkpoints/parachute/esd.pt
parachute,erasediff,unet,checkpoints/parachute/erasediff.pt
parachute,fmn,unet,checkpoints/parachute/fmn.pt
parachute,salun,unet,checkpoints/parachute/salun.pt
parachute,scissorhands,unet,checkpoints/parachute/scissorhands.pt
parachute,spm,unet,checkpoints/parachute/spm.pt
parachute,advunlearn,text_encoder,checkpoints/parachute/advunlearn.pt
parachute,stereo,unet,checkpoints/parachute/stereo.pt
tench,esd,unet,checkpoints/tench/esd.pt
tench,erasediff,unet,checkpoints/tench/erasediff.pt
tench,fmn,unet,checkpoints/tench/fmn.pt
tench,salun,unet,checkpoints/tench/salun.pt
tench,scissorhands,unet,checkpoints/tench/scissorhands.pt
tench,spm,unet,checkpoints/tench/spm.pt
tench,stereo,unet,checkpoints/tench/stereo.pt
taylor_swift,esd,unet,checkpoints/taylor_swift/esd.pt
taylor_swift,stereo,unet,checkpoints/taylor_swift/stereo.pt
elon_musk,esd,unet,checkpoints/elon_musk/esd.pt
elon_musk,stereo,unet,checkpoints/elon_musk/stereo.pt
adam_lambert,esd,unet,checkpoints/adam_lambert/esd.pt
adam_lambert,stereo,unet,checkpoints/adam_lambert/stereo.pt
